population/superpopulation,power,her,num_causals,pheno_num,train,test
AFR,-0.25,0.9,512,1,0.9410190889707958,0.39006764946986583
AFR,-0.25,0.9,512,2,0.9524967931676291,0.3762068673359597
AFR,-0.25,0.9,512,3,0.9537866236590884,0.39107719766004234
